{
  "with_attention": 0.8408802797315187,
  "without_attention": 0.8406995699834349,
  "improvement_percent": 0.021495163615627748
}